Mon Feb  8 23:00:01 2016,226551
Tue Feb  9 23:37:35 2016,226884
Wed Feb 10 16:00:01 2016,227039
Thu Feb 11 16:00:00 2016,227315
Fri Feb 12 16:00:01 2016,227436
Sat Feb 13 16:00:00 2016,227499
Sun Feb 14 16:00:01 2016,227535
Mon Feb 15 16:00:01 2016,227673
Tue Feb 16 16:00:01 2016,227790
Wed Feb 17 16:00:01 2016,227880
Thu Feb 18 16:00:01 2016,227968
Sat Feb 20 16:00:00 2016,228150
Sun Feb 21 16:00:01 2016,228216
Mon Feb 22 16:00:00 2016,228273
Tue Feb 23 16:00:01 2016,228477
Wed Feb 24 16:00:00 2016,228545
Thu Feb 25 16:00:00 2016,228615
Fri Feb 26 16:00:00 2016,228643
Sun Feb 28 16:00:00 2016,228730
Mon Feb 29 16:00:00 2016,228757
Tue Mar  1 16:00:00 2016,228788
Wed Mar  2 16:36:19 2016,228819
Thu Mar  3 16:00:00 2016,228875
Fri Mar  4 16:00:00 2016,228910
