Mon Feb  8 23:00:01 2016,18223
Tue Feb  9 23:37:35 2016,18225
Wed Feb 10 16:00:01 2016,18228
Thu Feb 11 16:00:00 2016,18230
Fri Feb 12 16:00:01 2016,18227
Sat Feb 13 16:00:00 2016,18239
Sun Feb 14 16:00:01 2016,18244
Mon Feb 15 16:00:01 2016,18241
Tue Feb 16 16:00:01 2016,18247
Wed Feb 17 16:00:01 2016,18255
Thu Feb 18 16:00:01 2016,18268
Sat Feb 20 16:00:00 2016,18287
Sun Feb 21 16:00:01 2016,18287
Mon Feb 22 16:00:00 2016,18296
Tue Feb 23 16:00:01 2016,18294
Wed Feb 24 16:00:00 2016,18299
Thu Feb 25 16:00:00 2016,18301
Fri Feb 26 16:00:00 2016,18303
Sun Feb 28 16:00:00 2016,18301
Mon Feb 29 16:00:00 2016,18304
Tue Mar  1 16:00:00 2016,18293
Wed Mar  2 16:36:19 2016,18292
Thu Mar  3 16:00:00 2016,18297
Fri Mar  4 16:00:00 2016,18307
Sat Mar  5 16:00:01 2016,18322
Sun Mar  6 16:00:01 2016,18324
Mon Mar  7 16:00:00 2016,18324
Tue Mar  8 16:00:00 2016,18327
Wed Mar  9 16:00:01 2016,18330
Thu Mar 10 16:00:01 2016,18340
