Sat Apr  9 16:00:01 2016,58863
Sun Apr 10 16:00:00 2016,59047
Mon Apr 11 16:00:01 2016,59219
Tue Apr 12 16:00:01 2016,59407
Wed Apr 13 16:00:01 2016,59506
Thu Apr 14 16:00:01 2016,59598
Fri Apr 15 16:00:01 2016,59684
Sat Apr 16 16:00:00 2016,59762
Sun Apr 17 16:00:01 2016,59797
Mon Apr 18 16:00:01 2016,59843
Tue Apr 19 16:00:01 2016,59878
Wed Apr 20 16:00:01 2016,59950
Thu Apr 21 16:00:01 2016,60100
Sat Apr 23 16:00:00 2016,60309
Sun Apr 24 16:00:01 2016,60400
Mon Apr 25 16:00:01 2016,60494
Tue Apr 26 16:00:01 2016,60608
Wed Apr 27 16:00:00 2016,60720
