Sat Apr  9 16:00:01 2016,1002730
Sun Apr 10 16:00:00 2016,1003263
Mon Apr 11 16:00:01 2016,1003784
Tue Apr 12 16:00:01 2016,1004298
Wed Apr 13 16:00:01 2016,1004819
Thu Apr 14 16:00:01 2016,1005307
Fri Apr 15 16:00:01 2016,1005783
Sat Apr 16 16:00:00 2016,1006293
Sun Apr 17 16:00:01 2016,1006686
Mon Apr 18 16:00:01 2016,1007000
Tue Apr 19 16:00:01 2016,1007445
Wed Apr 20 16:00:01 2016,1008102
Thu Apr 21 16:00:01 2016,1008758
Fri Apr 22 16:00:01 2016,1009481
Sat Apr 23 16:00:00 2016,1010298
Sun Apr 24 16:00:01 2016,1011002
Mon Apr 25 16:00:01 2016,1011666
Tue Apr 26 16:00:01 2016,1012406
Wed Apr 27 16:00:00 2016,1013003
Thu Apr 28 16:00:00 2016,1013646
