Mon Feb  8 23:00:01 2016,27565
Tue Feb  9 23:00:01 2016,27608
Wed Feb 10 16:00:01 2016,27651
Thu Feb 11 16:00:00 2016,27672
Fri Feb 12 16:00:01 2016,27717
Sat Feb 13 16:00:00 2016,27755
Sun Feb 14 16:00:01 2016,27781
Mon Feb 15 16:00:01 2016,27817
Tue Feb 16 16:00:01 2016,27849
Wed Feb 17 16:00:01 2016,27890
Thu Feb 18 16:00:01 2016,27907
Sat Feb 20 16:00:00 2016,27970
Sun Feb 21 16:00:01 2016,28005
Mon Feb 22 16:00:00 2016,28030
Tue Feb 23 16:00:01 2016,28058
Wed Feb 24 16:00:00 2016,28113
Thu Feb 25 16:00:00 2016,28151
